{
  "trial": 14,
  "parameters": {
    "l2_weight": 100.0,
    "x_regularisation": 1000.0,
    "maxent_regularisation": 4.685447106583399
  },
  "mse": 0.17518015113916877,
  "sem": 0.0837765161846943
}