{
  "trial": 19,
  "parameters": {
    "l2_weight": 0.20781243208288372,
    "x_regularisation": 1.0,
    "maxent_regularisation": 1.2350099780586128
  },
  "mse": 0.22415729999594086,
  "sem": 0.06137464275256011
}