Term,Level,Coefficient,Lower_CI,Upper_CI,Is_Reference
metric,val_loss,55.76396080406183,3.7612644597912563,107.7666571483324,False
metric,d_mse_test,45.37149139752073,-6.631204946749726,97.37418774179119,False
metric,d_mse_train,41.63851408541344,-10.364182258857056,93.64121042968394,False
metric,d_mse_val,49.96287920345539,-2.03981714081511,101.96557554772588,False
metric,test_mse,45.37149139752094,-6.631204946749463,97.37418774179135,False
metric,train_mse,41.63851408541353,-10.364182258856978,93.64121042968404,False
metric,val_mse,49.96287920345551,-2.0398171408149253,101.96557554772593,False
metric,kl_divergence,83.51931804361139,31.516621699340874,135.5220143878819,False
metric,work_density,51.905682295289864,-0.09701404898068233,103.90837863956041,False
metric,work_fitting,54.1094942944235,2.1067979501529166,106.11219063869407,False
metric,work_magnitude,27.460950191109685,-24.54174615316087,79.46364653538024,False
metric,work_opt,52.217031656346855,0.21433531207636491,104.21972800061735,False
metric,work_scale,70.39619629247426,18.39349994820379,122.39889263674473,False
metric,work_shape,52.8024192186167,0.7997228743462372,104.80511556288715,False
metric,cluster_0,97.20896026258933,45.20626391831655,149.2116566068621,False
metric,cluster_1,13.053935354635748,-38.94876098963488,65.05663169890637,False
mclass,GT+alt,0.0,0.0,0.0,True
mclass,GT-only,-7.878407922083732,-98.06790362926928,82.3110877851018,False
exp,MoPrP-RW+BV,0.0,0.0,0.0,True
exp,MoPrP-Reweighting,-1.3957419590710567,-18.43094830876383,15.639464390621718,False
exp,TeaA-IsoValidation,-5.051156900191021,-33.62462652929824,23.5223127289162,False
loss,MSE,0.0,0.0,0.0,True
loss,Sigma_MSE,5.571482598277614,-11.463723751415282,22.60668894797051,False
loss,mcMSE,-16.76908199317811,-33.80428834287103,0.2661243565148119,False
split,sequence_cluster,0.0,0.0,0.0,True
split,spatial,-9.69455612410819,-23.94723232065554,4.558120072439159,False
