{
  "trial": 12,
  "parameters": {
    "l2_weight": 100.0,
    "x_regularisation": 65.36998278493975,
    "maxent_regularisation": 0.1
  },
  "mse": 0.21736911660643515,
  "sem": 0.0707309862754127
}