{
  "l2_weight": 0.08733156327640182,
  "x_regularisation": 1.0,
  "maxent_regularisation": 3.341814806516518
}