{
  "trial": 15,
  "parameters": {
    "l2_weight": 0.01,
    "x_regularisation": 32.85902904369137,
    "maxent_regularisation": 0.1
  },
  "mse": 0.2103537002016665,
  "sem": 0.06780211628560917
}