{
  "trial": 7,
  "parameters": {
    "l2_weight": 1.1350564494060074,
    "x_regularisation": 448.085234325635,
    "maxent_regularisation": 1.3478300876084752
  },
  "mse": 0.09300109451257399,
  "sem": 0.0
}