{
    "mae_vs_kld": {
        "AdamW_mcMSE_5": 3.1947368421052635,
        "AdamW_MSE": 2.421052631578948,
        "HDXer": "(5, -1)"
    },
    "mse_vs_mae": {
        "AdamW_mcMSE_5": 3.1947368421052635,
        "AdamW_MSE": 2.1631578947368424,
        "HDXer": "(6, -1)"
    },
    "mse_vs_kld": {
        "AdamW_mcMSE_5": 3.1947368421052635,
        "AdamW_MSE": 2.421052631578948,
        "HDXer": "(8, -1)"
    }
}