{
  "trial": 8,
  "parameters": {
    "l2_weight": 0.01,
    "x_regularisation": 1.0,
    "maxent_regularisation": 100.0
  },
  "mse": 0.2604756131453284,
  "sem": 0.03579824455171049
}