{
  "trial": 6,
  "parameters": {
    "l2_weight": 0.01,
    "x_regularisation": 1.0,
    "maxent_regularisation": 0.1
  },
  "mse": 0.20841318406870335,
  "sem": 0.0683582772892063
}