{
  "trial": 19,
  "parameters": {
    "l2_weight": 100.0,
    "x_regularisation": 1.0,
    "maxent_regularisation": 2.5607584314834786
  },
  "mse": 0.20676302104166497,
  "sem": 0.062348964770549575
}