{
  "l2_weight": 0.4201562882345312,
  "x_regularisation": 1.0,
  "maxent_regularisation": 3.032069196901543
}