{
  "l2_weight": 0.11316992156924782,
  "x_regularisation": 1.0,
  "maxent_regularisation": 3.8789704799227858
}