{
  "l2_weight": 9.061006292681995,
  "x_regularisation": 925.952863346271,
  "maxent_regularisation": 0.254435499585955
}