{
  "trial": 3,
  "parameters": {
    "l2_weight": 9.061006292681995,
    "x_regularisation": 925.952863346271,
    "maxent_regularisation": 0.254435499585955
  },
  "mse": 0.17517416065428768,
  "sem": 0.08378083839678585
}