{
  "trial": 12,
  "parameters": {
    "l2_weight": 0.01,
    "x_regularisation": 1000.0,
    "maxent_regularisation": 100.0
  },
  "mse": 0.26179844593189927,
  "sem": 0.03519020537945253
}