{
  "trial": 8,
  "parameters": {
    "l2_weight": 0.01,
    "x_regularisation": 1.0,
    "maxent_regularisation": 100.0
  },
  "mse": 0.21650647997368602,
  "sem": 0.06044194684283989
}