{
  "trial": 6,
  "parameters": {
    "l2_weight": 0.01,
    "x_regularisation": 1.0,
    "maxent_regularisation": 0.1
  },
  "mse": 0.20154583525169523,
  "sem": 0.06683224552557515
}