{
  "trial": 10,
  "parameters": {
    "l2_weight": 0.01,
    "x_regularisation": 1000.0,
    "maxent_regularisation": 0.1
  },
  "mse": 0.20107058807677064,
  "sem": 0.0667448928030106
}