{
  "l2_weight": 0.10302880289688035,
  "x_regularisation": 1.0,
  "maxent_regularisation": 1.6064917363602351
}