{
  "trial": 1,
  "parameters": {
    "l2_weight": 0.0777538539708562,
    "x_regularisation": 162.51847288451168,
    "maxent_regularisation": 2.202641362329239
  },
  "mse": 0.16757824018891232,
  "sem": 0.08465574583660637
}