{
  "trial": 4,
  "parameters": {
    "l2_weight": 1.5386621476843783,
    "x_regularisation": 24.208610913065186,
    "maxent_regularisation": 0.7011956521137241
  },
  "mse": 0.17514753748608514,
  "sem": 0.08379846350225734
}