{
    "mae_vs_kld": {
        "mean_L1": 5.7368421052631575,
        "mean_L2": 5.7368421052631575,
        "L1": 5.7368421052631575,
        "HDXer": "(6, 0)"
    },
    "w1_vs_mae": {
        "mean_L1": 5.7368421052631575,
        "mean_L2": 5.7368421052631575,
        "L1": 5.7368421052631575,
        "HDXer": "(5, 0)"
    },
    "w1_vs_kld": {
        "mean_L1": 6.2105263157894735,
        "mean_L2": 6.684210526315789,
        "L1": 5.7368421052631575,
        "HDXer": "(5, 0)"
    }
}