{
  "l2_weight": 0.669091851000844,
  "x_regularisation": 94.17204276582275,
  "maxent_regularisation": 0.1
}