{
  "trial": 0,
  "parameters": {
    "l2_weight": 97.73574219489636,
    "x_regularisation": 2.0563601337349002,
    "maxent_regularisation": 29.439915730875526
  },
  "mse": 0.24523344353459145,
  "sem": 0.0630968314508018
}