{
  "trial": 3,
  "parameters": {
    "l2_weight": 9.061006292681995,
    "x_regularisation": 925.952863346271,
    "maxent_regularisation": 0.254435499585955
  },
  "mse": 0.21380386840738197,
  "sem": 0.06061330712515746
}