{
  "trial": 1,
  "parameters": {
    "l2_weight": 0.0777538539708562,
    "x_regularisation": 162.51847288451168,
    "maxent_regularisation": 2.202641362329239
  },
  "mse": 0.21423395938981638,
  "sem": 0.0659501521967852
}