{
  "l2_weight": 0.0495386973885531,
  "x_regularisation": 1.0,
  "maxent_regularisation": 1.9112063608224468
}