{
  "trial": 7,
  "parameters": {
    "l2_weight": 100.0,
    "x_regularisation": 1000.0,
    "maxent_regularisation": 100.0
  },
  "mse": 0.21387393749375536,
  "sem": 0.06206211244156642
}