{
  "l2_weight": 5.193871128943085,
  "x_regularisation": 26.913307250382797,
  "maxent_regularisation": 100.0
}