{
  "trial": 7,
  "parameters": {
    "l2_weight": 100.0,
    "x_regularisation": 1000.0,
    "maxent_regularisation": 100.0
  },
  "mse": 0.1751489920164754,
  "sem": 0.08379546534113817
}