{
  "trial": 10,
  "parameters": {
    "l2_weight": 0.01,
    "x_regularisation": 1000.0,
    "maxent_regularisation": 0.1
  },
  "mse": 0.1974235915305888,
  "sem": 0.06525619986534356
}