{
  "trial": 11,
  "parameters": {
    "l2_weight": 0.01,
    "x_regularisation": 1000.0,
    "maxent_regularisation": 100.0
  },
  "mse": 0.2570891232546342,
  "sem": 0.037744094242323493
}