{
  "l2_weight": 3.645231565509737,
  "x_regularisation": 8.06393079944986,
  "maxent_regularisation": 100.0
}