{
  "l2_weight": 3.013602327262236,
  "x_regularisation": 16.52644737127983,
  "maxent_regularisation": 100.0
}