{
  "trial": 2,
  "parameters": {
    "l2_weight": 0.8390094192569736,
    "x_regularisation": 11.721398166664319,
    "maxent_regularisation": 3.3987886650810504
  },
  "mse": 0.17496523011887474,
  "sem": 0.0839216394611566
}